{
  "enable_theme_only_in_create_chapters": true,
  "create_chapter_names": [
    "create",
    "storage",
    "transport",
    "enchantment",
    "tutorial",
    "blueprint",
    "new",
    "oil",
    "Fun",
    "know",
    "Food",
    "weaponry",
    "teleportation",
    "space",
    "factory",
    "estrogen",
    "dreams",
    "kitchen",
    "connected",
    "taste",
    "Vintage",
    "Expert"

  ],
  "blueprint_background_scale": 0.5,
  "blueprint_background_opacity": 0.9,
  "blueprint_background_overlay_red": 255,
  "blueprint_background_overlay_green": 255,
  "blueprint_background_overlay_blue": 255,
  "debug_colorModifier": 16777215
}